,variable name,label,source,file,start column,end column,start date,end date
0,Unnamed: 0,Row number,,casesAndDeaths.csv,0,0,,
1,stfips,State name,https://www.census.gov/geographies/reference-files/2018/demo/popest/2018-fips.html ,casesAndDeaths.csv,1,1,,
2,stname,State FIPS code,https://www.census.gov/geographies/reference-files/2018/demo/popest/2018-fips.html ,casesAndDeaths.csv,2,2,,
3,ctyfips,County name,https://www.census.gov/geographies/reference-files/2018/demo/popest/2018-fips.html ,casesAndDeaths.csv,3,3,,
4,ctyname,County FIPS code,https://www.census.gov/geographies/reference-files/2018/demo/popest/2018-fips.html ,casesAndDeaths.csv,4,4,,
5,fips,FIPS code of state-county,https://www.census.gov/geographies/reference-files/2018/demo/popest/2018-fips.html ,casesAndDeaths.csv,5,5,,
6,confirmed_cases_yyyymmdd,No of confirmed cases on yyyymmdd,https://github.com/CSSEGISandData/COVID-19,casesAndDeaths.csv,6,227,20200122,20200830
7,deaths_yyyymmdd,No of deaths on yyyymmdd,https://github.com/CSSEGISandData/COVID-19,casesAndDeaths.csv,228,449,20200122,20200830
0,Unnamed: 0,Row number,,mobility.csv,0,0,,
1,stfips,State name,https://www.census.gov/geographies/reference-files/2018/demo/popest/2018-fips.html ,mobility.csv,1,1,,
2,stname,State FIPS code,https://www.census.gov/geographies/reference-files/2018/demo/popest/2018-fips.html ,mobility.csv,2,2,,
3,ctyfips,County name,https://www.census.gov/geographies/reference-files/2018/demo/popest/2018-fips.html ,mobility.csv,3,3,,
4,ctyname,County FIPS code,https://www.census.gov/geographies/reference-files/2018/demo/popest/2018-fips.html ,mobility.csv,4,4,,
5,fips,FIPS code of state-county,https://www.census.gov/geographies/reference-files/2018/demo/popest/2018-fips.html ,mobility.csv,5,5,,
6,grocery_yyyymmdd,% increase in grocery stores area,https://www.google.com/covid19/mobility/ ,mobility.csv,6,201,20200215,20200828
7,parks_yyyymmdd,% increase in parks stores area,https://www.google.com/covid19/mobility/ ,mobility.csv,202,397,20200215,20200828
8,residential_yyyymmdd,% increase in residential stores area,https://www.google.com/covid19/mobility/ ,mobility.csv,398,593,20200215,20200828
9,retail_yyyymmdd,% increase in retail stores area,https://www.google.com/covid19/mobility/ ,mobility.csv,594,789,20200215,20200828
10,transit_yyyymmdd,% increase in transit stores area,https://www.google.com/covid19/mobility/ ,mobility.csv,790,985,20200215,20200828
11,workplace_yyyymmdd,% increase in workplace stores area,https://www.google.com/covid19/mobility/ ,mobility.csv,986,1181,20200215,20200828
12,covid_yyyymmdd,Identifiers whether event date is PRE or POST COVID-19 outbreak in the US <March 8th is the last date of the PRE COVID-19 period>,https://www.unacast.com/covid19/social-distancing-scoreboard,mobility.csv,1183,1272,20200224,20200523
13,daily_distance_diff_yyyymmdd,Change of average distance traveled from baseline (avg. distance traveled for same day of week during non-COVID-19 time period for a specific county),https://www.unacast.com/covid19/social-distancing-scoreboard,mobility.csv,1273,1362,20200224,20200523
14,daily_visitation_diff_yyyymmdd,Change of visits to non-essential retail and services from baseline (avg. visits for same day of week during non-COVID-19 time period for a specific county),https://www.unacast.com/covid19/social-distancing-scoreboard,mobility.csv,1363,1452,20200224,20200523
15,encounters_rate_yyyymmdd,Rate of unique human encounters per KmÃƒâ€šÃ‚Â² relative to national pre-Covid-19 baseline (median of the metric on a country level in 4 weeks before March 8th).,https://www.unacast.com/covid19/social-distancing-scoreboard,mobility.csv,1453,1542,20200224,20200523
16,grade_distance_yyyymmdd,"A, B, C, D or F score describing county's reduction in average distance traveled",https://www.unacast.com/covid19/social-distancing-scoreboard,mobility.csv,1543,1632,20200224,20200523
17,grade_encounters_yyyymmdd,"A, B, C, D, or F score describing rate of encounters as a fraction of national pre-Covid-19 baseline.",https://www.unacast.com/covid19/social-distancing-scoreboard,mobility.csv,1633,1722,20200224,20200523
18,grade_total_yyyymmdd,"A, A-, B, B-, C, C-, D, D- or F score describing county's social distancing",https://www.unacast.com/covid19/social-distancing-scoreboard,mobility.csv,1723,1812,20200224,20200523
19,grade_visitation_yyyymmdd,"A, B, C, D or F score describing county's reduction in non-essential visitation",https://www.unacast.com/covid19/social-distancing-scoreboard,mobility.csv,1813,1902,20200224,20200523
20,last_updated_yyyymmdd,Timestamp of when this data was processed and updated ,https://www.unacast.com/covid19/social-distancing-scoreboard,mobility.csv,1903,1992,20200224,20200523
21,n_grade_distance_yyyymmdd,Corresponding number for letter grade where A = 5 and F = 1,https://www.unacast.com/covid19/social-distancing-scoreboard,mobility.csv,1993,2082,20200224,20200523
22,n_grade_encounters_yyyymmdd,Corresponding number for letter grade where A=5 and F=1,https://www.unacast.com/covid19/social-distancing-scoreboard,mobility.csv,2083,2172,20200224,20200523
23,n_grade_total_yyyymmdd,Corresponding number for letter grade where A = 5 and F = 1,https://www.unacast.com/covid19/social-distancing-scoreboard,mobility.csv,2173,2262,20200224,20200523
24,n_grade_visitation_yyyymmdd,Corresponding number for letter grade where A = 5 and F = 1,https://www.unacast.com/covid19/social-distancing-scoreboard,mobility.csv,2263,2352,20200224,20200523
25,weekday_yyyymmdd,Weekday,https://www.unacast.com/covid19/social-distancing-scoreboard,mobility.csv,2353,2442,20200224,20200523
26,m50_yyyymmdd,The median of the max-distance mobility for all samples in the specified region.,https://github.com/descarteslabs/DL-COVID-19,mobility.csv,2443,2622,20200301,20200829
27,m50_index_yyyymmdd,"The percent of normal m50 in the region, with normal m50 defined during 2020-02-17 to 2020-03-07.",https://github.com/descarteslabs/DL-COVID-19,mobility.csv,2623,2802,20200301,20200829
28,samples_yyyymmdd,The number of samples observed in the specified region.,https://github.com/descarteslabs/DL-COVID-19,mobility.csv,2803,2982,20200301,20200829
0,Unnamed: 0,Row number,,medical.csv,0,0,,
1,stfips,State name,https://www.census.gov/geographies/reference-files/2018/demo/popest/2018-fips.html ,medical.csv,1,1,,
2,stname,State FIPS code,https://www.census.gov/geographies/reference-files/2018/demo/popest/2018-fips.html ,medical.csv,2,2,,
3,ctyfips,County name,https://www.census.gov/geographies/reference-files/2018/demo/popest/2018-fips.html ,medical.csv,3,3,,
4,ctyname,County FIPS code,https://www.census.gov/geographies/reference-files/2018/demo/popest/2018-fips.html ,medical.csv,4,4,,
5,fips,FIPS code of state-county,https://www.census.gov/geographies/reference-files/2018/demo/popest/2018-fips.html ,medical.csv,5,5,,
6,ST_ID,State ID,https://coronavirus.jhu.edu/us-map,medical.csv,6,6,,
7,FatalityRa,Fatality rate,https://coronavirus.jhu.edu/us-map,medical.csv,7,7,,
8,Confirmedb,Confirmed cases,https://coronavirus.jhu.edu/us-map,medical.csv,8,8,,
9,DeathsbyPo,Deaths by population,https://coronavirus.jhu.edu/us-map,medical.csv,9,9,,
10,PCTPOVALL_,PCTPOVAL,https://coronavirus.jhu.edu/us-map,medical.csv,10,10,,
11,Unemployme,Unemployment rate,https://coronavirus.jhu.edu/us-map,medical.csv,11,11,,
12,Med_HH_Inc,Median Household income,https://coronavirus.jhu.edu/us-map,medical.csv,12,12,,
13,State_Fata,State fatality rate,https://coronavirus.jhu.edu/us-map,medical.csv,13,13,,
14,DateChecke,Date checked,https://coronavirus.jhu.edu/us-map,medical.csv,14,14,,
15,EM_type,Type of emergency policy under effect,https://coronavirus.jhu.edu/us-map,medical.csv,15,15,,
16,EM_date,Date of emergency policy into effect,https://coronavirus.jhu.edu/us-map,medical.csv,16,16,,
17,EM_notes,Further notes about emergency policy,https://coronavirus.jhu.edu/us-map,medical.csv,17,17,,
18,url,URL for the dashboard (visual charts and graphs),https://coronavirus.jhu.edu/us-map,medical.csv,18,18,,
19,Thumbnail,Image thumbnail for the data,https://coronavirus.jhu.edu/us-map,medical.csv,19,19,,
20,Confirmed,Coonfirmed cases,https://coronavirus.jhu.edu/us-map,medical.csv,20,20,,
21,Deaths,Confirmed deaths,https://coronavirus.jhu.edu/us-map,medical.csv,21,21,,
22,Age_85,People with age 85+,https://coronavirus.jhu.edu/us-map,medical.csv,22,22,,
23,Age_80_84,People between 80 to 84 years,https://coronavirus.jhu.edu/us-map,medical.csv,23,23,,
24,Age_75_79,People between 75 to 79 years,https://coronavirus.jhu.edu/us-map,medical.csv,24,24,,
25,Age_70_74,People between 70 to 74 years,https://coronavirus.jhu.edu/us-map,medical.csv,25,25,,
26,Age_65_69,People between 65 to 69 years,https://coronavirus.jhu.edu/us-map,medical.csv,26,26,,
27,Beds_Licen,maximum number of beds for which a hospital holds a license to operate; ,https://coronavirus.jhu.edu/us-map,medical.csv,27,27,,
28,Beds_Staff,"""adult bed, pediatric bed, birthing room, or newborn ICU bed (excluding newborn bassinets) maintained in a patient care area for lodging patients in acute, long term, or domiciliary areas of the hospital.""",https://coronavirus.jhu.edu/us-map,medical.csv,28,28,,
29,Beds_ICU,"""adult bed, pediatric bed, birthing room, or newborn ICU bed (excluding newborn bassinets) maintained in a patient care area for lodging patients in acute, long term, or domiciliary areas of the hospital.""",https://coronavirus.jhu.edu/us-map,medical.csv,29,29,,
30,Ventilator,People on ventilator,https://coronavirus.jhu.edu/us-map,medical.csv,30,30,,
31,POP_ESTIMA,Estimated population,https://coronavirus.jhu.edu/us-map,medical.csv,31,31,,
32,POVALL_201,Population,https://coronavirus.jhu.edu/us-map,medical.csv,32,32,,
33,Unemployed,No. of unemployed people,https://coronavirus.jhu.edu/us-map,medical.csv,33,33,,
34,Median_Hou,Median Household income,https://coronavirus.jhu.edu/us-map,medical.csv,34,34,,
35,Recovered,Recovered cases,https://coronavirus.jhu.edu/us-map,medical.csv,35,35,,
36,Active,Active cases ,https://coronavirus.jhu.edu/us-map,medical.csv,36,36,,
37,State_Conf,Confirmed cases in state,https://coronavirus.jhu.edu/us-map,medical.csv,37,37,,
38,State_Deat,Confirmed deaths in state,https://coronavirus.jhu.edu/us-map,medical.csv,38,38,,
39,State_Reco,Recoveries in county,https://coronavirus.jhu.edu/us-map,medical.csv,39,39,,
40,State_Test,No. of tests administered in state,https://coronavirus.jhu.edu/us-map,medical.csv,40,40,,
41,AgedPop,No of people who are more than 65 years of age,https://coronavirus.jhu.edu/us-map,medical.csv,41,41,,
42,NewCases,New cases,https://coronavirus.jhu.edu/us-map,medical.csv,42,42,,
43,NewDeaths,New deaths,https://coronavirus.jhu.edu/us-map,medical.csv,43,43,,
44,TotalPop,Total county population,https://coronavirus.jhu.edu/us-map,medical.csv,44,44,,
45,NonHispWhP,Non hispanic white population,https://coronavirus.jhu.edu/us-map,medical.csv,45,45,,
46,BlackPop,Black population,https://coronavirus.jhu.edu/us-map,medical.csv,46,46,,
47,AmIndop,American Indian population,https://coronavirus.jhu.edu/us-map,medical.csv,47,47,,
48,AsianPop,Asian population,https://coronavirus.jhu.edu/us-map,medical.csv,48,48,,
49,PacIslPop,Pacific Island population,https://coronavirus.jhu.edu/us-map,medical.csv,49,49,,
50,OtherPop,Other population,https://coronavirus.jhu.edu/us-map,medical.csv,50,50,,
51,TwoMorPop,Two or more population,https://coronavirus.jhu.edu/us-map,medical.csv,51,51,,
52,HispPop,Hispanic pooulation,https://coronavirus.jhu.edu/us-map,medical.csv,52,52,,
53,Wh_Alone,White alone population,https://coronavirus.jhu.edu/us-map,medical.csv,53,53,,
54,Bk_Alone,Black alone population,https://coronavirus.jhu.edu/us-map,medical.csv,54,54,,
55,AI_Alone,American Indian alone population,https://coronavirus.jhu.edu/us-map,medical.csv,55,55,,
56,As_Alone,Asian alone population,https://coronavirus.jhu.edu/us-map,medical.csv,56,56,,
57,NH_Alone,NH alone population,https://coronavirus.jhu.edu/us-map,medical.csv,57,57,,
58,SO_Alone,SO alone population,https://coronavirus.jhu.edu/us-map,medical.csv,58,58,,
59,Two_More,Two or more population,https://coronavirus.jhu.edu/us-map,medical.csv,59,59,,
60,Not_Hisp,Not hispanic,https://coronavirus.jhu.edu/us-map,medical.csv,60,60,,
61,Age_Less15,Age <15 year,https://coronavirus.jhu.edu/us-map,medical.csv,61,61,,
62,Age_15_24,Age 15-24 years,https://coronavirus.jhu.edu/us-map,medical.csv,62,62,,
63,Age_25_34,Age 25-34 years,https://coronavirus.jhu.edu/us-map,medical.csv,63,63,,
64,Age_Over75,Age >75 years,https://coronavirus.jhu.edu/us-map,medical.csv,64,64,,
65,Agetotal,Total age,https://coronavirus.jhu.edu/us-map,medical.csv,65,65,,
66,NonHisp,Non hispanic,https://coronavirus.jhu.edu/us-map,medical.csv,66,66,,
67,Age_35_64,Age 35-64 years,https://coronavirus.jhu.edu/us-map,medical.csv,67,67,,
68,Age_65_74,Age 65-74 years,https://coronavirus.jhu.edu/us-map,medical.csv,68,68,,
69,Day_1,Not sure,https://coronavirus.jhu.edu/us-map,medical.csv,69,69,,
70,Day_2,Not sure,https://coronavirus.jhu.edu/us-map,medical.csv,70,70,,
71,Day_3,Not sure,https://coronavirus.jhu.edu/us-map,medical.csv,71,71,,
72,Day_4,Not sure,https://coronavirus.jhu.edu/us-map,medical.csv,72,72,,
73,Day_5,Not sure,https://coronavirus.jhu.edu/us-map,medical.csv,73,73,,
74,Day_6,Not sure,https://coronavirus.jhu.edu/us-map,medical.csv,74,74,,
75,Day_7,Not sure,https://coronavirus.jhu.edu/us-map,medical.csv,75,75,,
76,Day_8,Not sure,https://coronavirus.jhu.edu/us-map,medical.csv,76,76,,
77,Day_9,Not sure,https://coronavirus.jhu.edu/us-map,medical.csv,77,77,,
78,Day_10,Not sure,https://coronavirus.jhu.edu/us-map,medical.csv,78,78,,
79,Day_11,Not sure,https://coronavirus.jhu.edu/us-map,medical.csv,79,79,,
80,Day_12,Not sure,https://coronavirus.jhu.edu/us-map,medical.csv,80,80,,
81,Day_13,Not sure,https://coronavirus.jhu.edu/us-map,medical.csv,81,81,,
82,Day_14,Not sure,https://coronavirus.jhu.edu/us-map,medical.csv,82,82,,
83,Shape__Area,Shape area,https://coronavirus.jhu.edu/us-map,medical.csv,83,83,,
84,Shape__Length,Shape length,https://coronavirus.jhu.edu/us-map,medical.csv,84,84,,
85,checkTimeEt_yyyymmdd,Last checked as per ET,https://covidtracking.com/api,medical.csv,85,307,20200122,20200831
86,dataQualityGrade_yyyymmdd,Quality of data grade,https://covidtracking.com/api,medical.csv,531,753,20200122,20200831
87,dateChecked_yyyymmdd,ISO 8601 date of the time we last visited their website.,https://covidtracking.com/api,medical.csv,754,976,20200122,20200831
88,dateModified_yyyymmdd,Date modified,https://covidtracking.com/api,medical.csv,977,1199,20200122,20200831
89,death_yyyymmdd,Total cumulative number of people that have died.,https://covidtracking.com/api,medical.csv,1200,1422,20200122,20200831
90,hospitalized_yyyymmdd,Total cumulative number of people hospitalized.,https://covidtracking.com/api,medical.csv,2538,2760,20200122,20200831
91,hospitalizedCumulative_yyyymmdd,"Total number of individuals that have been hospitalized, including those that have been discharged.",https://covidtracking.com/api,medical.csv,2761,2983,20200122,20200831
92,hospitalizedCurrently_yyyymmdd,Number of individuals currently hospitalized.,https://covidtracking.com/api,medical.csv,2984,3206,20200122,20200831
93,inIcuCumulative_yyyymmdd,Total number of individuals that have been in the ICU.,https://covidtracking.com/api,medical.csv,3430,3652,20200122,20200831
94,inIcuCurrently_yyyymmdd,Number of individuals currently in an ICU.,https://covidtracking.com/api,medical.csv,3653,3875,20200122,20200831
95,lastUpdateEt_yyyymmdd,Time of last update (Eastern time),https://covidtracking.com/api,medical.csv,3876,4098,20200122,20200831
96,negative_yyyymmdd,Total cumulative negative test results,https://covidtracking.com/api,medical.csv,4099,4321,20200122,20200831
97,negativeIncrease_yyyymmdd,Increase in negative tests on that day,https://covidtracking.com/api,medical.csv,4322,4544,20200122,20200831
98,negativeTestsViral_yyyymmdd,Viral tests negative,https://covidtracking.com/api,medical.csv,5437,5659,20200122,20200831
99,onVentilatorCumulative_yyyymmdd,Total people who have been on ventilators,https://covidtracking.com/api,medical.csv,5660,5882,20200122,20200831
100,onVentilatorCurrently_yyyymmdd,Number of people who are currently on ventilators,https://covidtracking.com/api,medical.csv,5883,6105,20200122,20200831
101,pending_yyyymmdd,Tests that have been submitted to a lab but no results have been reported yet.,https://covidtracking.com/api,medical.csv,6106,6328,20200122,20200831
102,positive_yyyymmdd,Total cumulative positive test results.,https://covidtracking.com/api,medical.csv,6552,6774,20200122,20200831
103,positiveCasesViral_yyyymmdd,Positive viral cases,https://covidtracking.com/api,medical.csv,6775,6997,20200122,20200831
104,positiveIncrease_yyyymmdd,Increase in positive cases on that day,https://covidtracking.com/api,medical.csv,6998,7220,20200122,20200831
0,Unnamed: 0,Row number,,policy.csv,0,0,,
1,stfips,State name,https://www.census.gov/geographies/reference-files/2018/demo/popest/2018-fips.html ,policy.csv,1,1,,
2,stname,State FIPS code,https://www.census.gov/geographies/reference-files/2018/demo/popest/2018-fips.html ,policy.csv,2,2,,
3,ctyfips,County name,https://www.census.gov/geographies/reference-files/2018/demo/popest/2018-fips.html ,policy.csv,3,3,,
4,ctyname,County FIPS code,https://www.census.gov/geographies/reference-files/2018/demo/popest/2018-fips.html ,policy.csv,4,4,,
5,fips,FIPS code of state-county,https://www.census.gov/geographies/reference-files/2018/demo/popest/2018-fips.html ,policy.csv,5,5,,
6,Restriction details include,Details about restrictions,https://github.com/govex/COVID-19/tree/master/data_tables,policy.csv,6,6,,
7,Statewide mandated stay at home order?,Has the state mandated stay at home order,https://github.com/govex/COVID-19/tree/master/data_tables,policy.csv,7,7,,
8,Urgency of restrictions,How urgent are the restrictions,https://github.com/govex/COVID-19/tree/master/data_tables,policy.csv,8,8,,
9,Effective date of executive restriction detailed,Date of emergency policy into effect,https://github.com/govex/COVID-19/tree/master/data_tables,policy.csv,9,9,,
10,State of emergency,State of emergency,https://www.bu.edu/sph/2020/04/01/tracking-covid-19-policies/,policy.csv,10,10,,
11,Date closed K-12 schools,Date closed K-12 schools,https://www.bu.edu/sph/2020/04/01/tracking-covid-19-policies/,policy.csv,11,11,,
12,Closed day cares,Closed day cares,https://www.bu.edu/sph/2020/04/01/tracking-covid-19-policies/,policy.csv,12,12,,
13,Date banned visitors to nursing homes,Date banned visitors to nursing homes,https://www.bu.edu/sph/2020/04/01/tracking-covid-19-policies/,policy.csv,13,13,,
14,Stay at home/ shelter in place,Stay at home/ shelter in place,https://www.bu.edu/sph/2020/04/01/tracking-covid-19-policies/,policy.csv,14,14,,
15,End/relax stay at home/shelter in place,End/relax stay at home/shelter in place,https://www.bu.edu/sph/2020/04/01/tracking-covid-19-policies/,policy.csv,15,15,,
16,Closed non-essential businesses,Closed non-essential businesses,https://www.bu.edu/sph/2020/04/01/tracking-covid-19-policies/,policy.csv,16,16,,
17,Began to reopen businesses statewide,Began to reopen businesses statewide,https://www.bu.edu/sph/2020/04/01/tracking-covid-19-policies/,policy.csv,17,17,,
18,Religious Gatherings Exempt Without Clear Social Distance Mandate*,Religious Gatherings Exempt Without Clear Social Distance Mandate*,https://www.bu.edu/sph/2020/04/01/tracking-covid-19-policies/,policy.csv,18,18,,
19,Mandate face mask use by all individuals in public spaces,Mandate face mask use by all individuals in public spaces,https://www.bu.edu/sph/2020/04/01/tracking-covid-19-policies/,policy.csv,19,19,,
20,Mandate face mask use by employees in public-facing businesses,Mandate face mask use by employees in public-facing businesses,https://www.bu.edu/sph/2020/04/01/tracking-covid-19-policies/,policy.csv,20,20,,
21,Alcohol/Liquor Stores Open,Alcohol/Liquor Stores Open,https://www.bu.edu/sph/2020/04/01/tracking-covid-19-policies/,policy.csv,21,21,,
22,Keep Firearms Sellers Open,Keep Firearms Sellers Open,https://www.bu.edu/sph/2020/04/01/tracking-covid-19-policies/,policy.csv,22,22,,
23,Closed restaurants except take out,Closed restaurants except take out,https://www.bu.edu/sph/2020/04/01/tracking-covid-19-policies/,policy.csv,23,23,,
24,Reopen restaurants,Reopen restaurants,https://www.bu.edu/sph/2020/04/01/tracking-covid-19-policies/,policy.csv,24,24,,
25,Initially reopen restaurants for outdoor dining only,Initially reopen restaurants for outdoor dining only,https://www.bu.edu/sph/2020/04/01/tracking-covid-19-policies/,policy.csv,25,25,,
26,Closed gyms,Closed gyms,https://www.bu.edu/sph/2020/04/01/tracking-covid-19-policies/,policy.csv,26,26,,
27,Reopened gyms,Reopened gyms,https://www.bu.edu/sph/2020/04/01/tracking-covid-19-policies/,policy.csv,27,27,,
28,Closed movie theaters,Closed movie theaters,https://www.bu.edu/sph/2020/04/01/tracking-covid-19-policies/,policy.csv,28,28,,
29,Reopened movie theaters,Reopened movie theaters,https://www.bu.edu/sph/2020/04/01/tracking-covid-19-policies/,policy.csv,29,29,,
30,Stop Initiation of Evictions overall or due to COVID related issues,Stop Initiation of Evictions overall or due to COVID related issues,https://www.bu.edu/sph/2020/04/01/tracking-covid-19-policies/,policy.csv,30,30,,
31,Stop enforcement of evictions overall or due to COVID related issues,Stop enforcement of evictions overall or due to COVID related issues,https://www.bu.edu/sph/2020/04/01/tracking-covid-19-policies/,policy.csv,31,31,,
32,Renter grace period or use of security deposit to pay rent,Renter grace period or use of security deposit to pay rent,https://www.bu.edu/sph/2020/04/01/tracking-covid-19-policies/,policy.csv,32,32,,
33,Order freezing utility shut offs,Order freezing utility shut offs,https://www.bu.edu/sph/2020/04/01/tracking-covid-19-policies/,policy.csv,33,33,,
34,Froze mortgage payments,Froze mortgage payments,https://www.bu.edu/sph/2020/04/01/tracking-covid-19-policies/,policy.csv,34,34,,
35,Modify Medicaid requirements with 1135 waivers (date of CMS approval),Modify Medicaid requirements with 1135 waivers (date of CMS approval),https://www.bu.edu/sph/2020/04/01/tracking-covid-19-policies/,policy.csv,35,35,,
36,Reopened ACA enrollment using a special enrollment period,Reopened ACA enrollment using a special enrollment period,https://www.bu.edu/sph/2020/04/01/tracking-covid-19-policies/,policy.csv,36,36,,
37,Allow audio-only telehealth,Allow audio-only telehealth,https://www.bu.edu/sph/2020/04/01/tracking-covid-19-policies/,policy.csv,37,37,,
38,Allow/expand Medicaid telehealth coverage,Allow/expand Medicaid telehealth coverage,https://www.bu.edu/sph/2020/04/01/tracking-covid-19-policies/,policy.csv,38,38,,
39,Suspended elective medical/dental procedures,Suspended elective medical/dental procedures,https://www.bu.edu/sph/2020/04/01/tracking-covid-19-policies/,policy.csv,39,39,,
40,Resumed elective medical procedures,Resumed elective medical procedures,https://www.bu.edu/sph/2020/04/01/tracking-covid-19-policies/,policy.csv,40,40,,
41,"Prior to pandemic, no state unemployment waiting period; or date waiting period waived not found","Prior to pandemic, no state unemployment waiting period; or date waiting period waived not found",https://www.bu.edu/sph/2020/04/01/tracking-covid-19-policies/,policy.csv,41,41,,
42,Waived one week waiting period for unemployment insurance,Waived one week waiting period for unemployment insurance,https://www.bu.edu/sph/2020/04/01/tracking-covid-19-policies/,policy.csv,42,42,,
43,Waive work search requirement for unemployment insurance,Waive work search requirement for unemployment insurance,https://www.bu.edu/sph/2020/04/01/tracking-covid-19-policies/,policy.csv,43,43,,
44,Expand eligibility of unemployment insurance to anyonewho is quarantined and/or taking care of someone who is quarantined,Expand eligibility of unemployment insurance to anyonewho is quarantined and/or taking care of someone who is quarantined,https://www.bu.edu/sph/2020/04/01/tracking-covid-19-policies/,policy.csv,44,44,,
45,Expand eligibility of unemployment insurance to those who have lost childcare/school closures,Expand eligibility of unemployment insurance to those who have lost childcare/school closures,https://www.bu.edu/sph/2020/04/01/tracking-covid-19-policies/,policy.csv,45,45,,
46,Extend the amount of time an individual can be on unemployment insurance,Extend the amount of time an individual can be on unemployment insurance,https://www.bu.edu/sph/2020/04/01/tracking-covid-19-policies/,policy.csv,46,46,,
47,Made Effort to Limit Abortion Access,Made Effort to Limit Abortion Access,https://www.bu.edu/sph/2020/04/01/tracking-covid-19-policies/,policy.csv,47,47,,
48,Efforts to limit abortion access details,Efforts to limit abortion access details,https://www.bu.edu/sph/2020/04/01/tracking-covid-19-policies/,policy.csv,48,48,,
49,Use of telemedicine/telephone evaluations to initiate buprenorphine prescribing,Use of telemedicine/telephone evaluations to initiate buprenorphine prescribing,https://www.bu.edu/sph/2020/04/01/tracking-covid-19-policies/,policy.csv,49,49,,
50,Patients can receive 14-28 take-home doses of opioid medication,Patients can receive 14-28 take-home doses of opioid medication,https://www.bu.edu/sph/2020/04/01/tracking-covid-19-policies/,policy.csv,50,50,,
51,Home delivery of take-home medication by opioid treatment programs,Home delivery of take-home medication by opioid treatment programs,https://www.bu.edu/sph/2020/04/01/tracking-covid-19-policies/,policy.csv,51,51,,
52,Use of telemedicine for schedule II-V prescriptions,Use of telemedicine for schedule II-V prescriptions,https://www.bu.edu/sph/2020/04/01/tracking-covid-19-policies/,policy.csv,52,52,,
53,Exceptions to emergency oral prescriptions,Exceptions to emergency oral prescriptions,https://www.bu.edu/sph/2020/04/01/tracking-covid-19-policies/,policy.csv,53,53,,
54,Waive requirement to obtain separate DEA registration to dispense outside home state,Waive requirement to obtain separate DEA registration to dispense outside home state,https://www.bu.edu/sph/2020/04/01/tracking-covid-19-policies/,policy.csv,54,54,,
55,Paid sick leave,Paid sick leave,https://www.bu.edu/sph/2020/04/01/tracking-covid-19-policies/,policy.csv,55,55,,
56,Medicaid Expansion,Medicaid Expansion,https://www.bu.edu/sph/2020/04/01/tracking-covid-19-policies/,policy.csv,56,56,,
57,Population density per square miles,Population density per square miles,https://www.bu.edu/sph/2020/04/01/tracking-covid-19-policies/,policy.csv,57,57,,
58,Population 2018 ,Population 2018 ,https://www.bu.edu/sph/2020/04/01/tracking-covid-19-policies/,policy.csv,58,58,,
59,Square Miles,Square Miles,https://www.bu.edu/sph/2020/04/01/tracking-covid-19-policies/,policy.csv,59,59,,
60,Number Homeless (2019),Number Homeless (2019),https://www.bu.edu/sph/2020/04/01/tracking-covid-19-policies/,policy.csv,60,60,,
61,Percent Unemployed (2018),Percent Unemployed (2018),https://www.bu.edu/sph/2020/04/01/tracking-covid-19-policies/,policy.csv,61,61,,
62,Percent living under the federal poverty line (2018),Percent living under the federal poverty line (2018),https://www.bu.edu/sph/2020/04/01/tracking-covid-19-policies/,policy.csv,62,62,,
63,Percent at risk for serious illness due to COVID,Percent at risk for serious illness due to COVID,https://www.bu.edu/sph/2020/04/01/tracking-covid-19-policies/,policy.csv,63,63,,
64,All-cause deaths 2018,All-cause deaths 2018,https://www.bu.edu/sph/2020/04/01/tracking-covid-19-policies/,policy.csv,64,64,,
