,variable name,label,source,file,start column,end column,start date,end date
0,Unnamed: 0,Row number,,casesAndDeaths.csv,0,0,,
1,stfips,State name,https://www.census.gov/geographies/reference-files/2018/demo/popest/2018-fips.html ,casesAndDeaths.csv,1,1,,
2,stname,State FIPS code,https://www.census.gov/geographies/reference-files/2018/demo/popest/2018-fips.html ,casesAndDeaths.csv,2,2,,
3,ctyfips,County name,https://www.census.gov/geographies/reference-files/2018/demo/popest/2018-fips.html ,casesAndDeaths.csv,3,3,,
4,ctyname,County FIPS code,https://www.census.gov/geographies/reference-files/2018/demo/popest/2018-fips.html ,casesAndDeaths.csv,4,4,,
5,fips,FIPS code of state-county,https://www.census.gov/geographies/reference-files/2018/demo/popest/2018-fips.html ,casesAndDeaths.csv,5,5,,
6,confirmed_cases_yyyymmdd,No of confirmed cases on yyyymmdd,https://github.com/CSSEGISandData/COVID-19,casesAndDeaths.csv,6,121,20200122,20200516
7,deaths_yyyymmdd,No of deaths on yyyymmdd,https://github.com/CSSEGISandData/COVID-19,casesAndDeaths.csv,122,237,20200122,20200516
0,Unnamed: 0,Row number,,mobility.csv,0,0,,
1,stfips,State name,https://www.census.gov/geographies/reference-files/2018/demo/popest/2018-fips.html ,mobility.csv,1,1,,
2,stname,State FIPS code,https://www.census.gov/geographies/reference-files/2018/demo/popest/2018-fips.html ,mobility.csv,2,2,,
3,ctyfips,County name,https://www.census.gov/geographies/reference-files/2018/demo/popest/2018-fips.html ,mobility.csv,3,3,,
4,ctyname,County FIPS code,https://www.census.gov/geographies/reference-files/2018/demo/popest/2018-fips.html ,mobility.csv,4,4,,
5,fips,FIPS code of state-county,https://www.census.gov/geographies/reference-files/2018/demo/popest/2018-fips.html ,mobility.csv,5,5,,
6,grocery_yyyymmdd,% increase in grocery stores area,https://www.google.com/covid19/mobility/ ,mobility.csv,6,90,20200215,20200509
7,parks_yyyymmdd,% increase in parks stores area,https://www.google.com/covid19/mobility/ ,mobility.csv,91,175,20200215,20200509
8,residential_yyyymmdd,% increase in residential stores area,https://www.google.com/covid19/mobility/ ,mobility.csv,176,260,20200215,20200509
9,retail_yyyymmdd,% increase in retail stores area,https://www.google.com/covid19/mobility/ ,mobility.csv,261,345,20200215,20200509
10,transit_yyyymmdd,% increase in transit stores area,https://www.google.com/covid19/mobility/ ,mobility.csv,346,430,20200215,20200509
11,workplace_yyyymmdd,% increase in workplace stores area,https://www.google.com/covid19/mobility/ ,mobility.csv,431,515,20200215,20200509
12,county_population_yyyymmdd,The total count of the population for this segment based on 2018 census data,https://www.unacast.com/covid19/social-distancing-scoreboard,mobility.csv,516,516,2018,2018
13,covid_yyyymmdd,Identifiers whether event date is PRE or POST COVID-19 outbreak in the US <March 8th is the last date of the PRE COVID-19 period>,https://www.unacast.com/covid19/social-distancing-scoreboard,mobility.csv,517,586,20200224,20200503
14,daily_distance_diff_yyyymmdd,Change of average distance traveled from baseline (avg. distance traveled for same day of week during non-COVID-19 time period for a specific county),https://www.unacast.com/covid19/social-distancing-scoreboard,mobility.csv,587,656,20200224,20200503
15,daily_visitation_diff_yyyymmdd,Change of visits to non-essential retail and services from baseline (avg. visits for same day of week during non-COVID-19 time period for a specific county),https://www.unacast.com/covid19/social-distancing-scoreboard,mobility.csv,657,726,20200224,20200503
16,encounters_rate_yyyymmdd,Rate of unique human encounters per KmÂ² relative to national pre-Covid-19 baseline (median of the metric on a country level in 4 weeks before March 8th).,https://www.unacast.com/covid19/social-distancing-scoreboard,mobility.csv,727,796,20200224,20200503
17,grade_distance_yyyymmdd,"A, B, C, D or F score describing county's reduction in average distance traveled",https://www.unacast.com/covid19/social-distancing-scoreboard,mobility.csv,797,866,20200224,20200503
18,grade_encounters_yyyymmdd,"A, B, C, D, or F score describing rate of encounters as a fraction of national pre-Covid-19 baseline.",https://www.unacast.com/covid19/social-distancing-scoreboard,mobility.csv,867,936,20200224,20200503
19,grade_total_yyyymmdd,"A, A-, B, B-, C, C-, D, D- or F score describing county's social distancing",https://www.unacast.com/covid19/social-distancing-scoreboard,mobility.csv,937,1006,20200224,20200503
20,grade_visitation_yyyymmdd,"A, B, C, D or F score describing county's reduction in non-essential visitation",https://www.unacast.com/covid19/social-distancing-scoreboard,mobility.csv,1007,1076,20200224,20200503
21,last_updated_yyyymmdd,Timestamp of when this data was processed and updated ,https://www.unacast.com/covid19/social-distancing-scoreboard,mobility.csv,1077,1146,20200224,20200503
22,n_grade_distance_yyyymmdd,Corresponding number for letter grade where A = 5 and F = 1,https://www.unacast.com/covid19/social-distancing-scoreboard,mobility.csv,1147,1216,20200224,20200503
23,n_grade_encounters_yyyymmdd,Corresponding number for letter grade where A=5 and F=1,https://www.unacast.com/covid19/social-distancing-scoreboard,mobility.csv,1217,1286,20200224,20200503
24,n_grade_total_yyyymmdd,Corresponding number for letter grade where A = 5 and F = 1,https://www.unacast.com/covid19/social-distancing-scoreboard,mobility.csv,1287,1356,20200224,20200503
25,n_grade_visitation_yyyymmdd,Corresponding number for letter grade where A = 5 and F = 1,https://www.unacast.com/covid19/social-distancing-scoreboard,mobility.csv,1357,1426,20200224,20200503
26,weekday_yyyymmdd,Weekday,https://www.unacast.com/covid19/social-distancing-scoreboard,mobility.csv,1427,1496,20200224,20200503
27,m50_yyyymmdd,The median of the max-distance mobility for all samples in the specified region.,https://github.com/descarteslabs/DL-COVID-19,mobility.csv,1497,1571,20200301,20200515
28,m50_index_yyyymmdd,"The percent of normal m50 in the region, with normal m50 defined during 2020-02-17 to 2020-03-07.",https://github.com/descarteslabs/DL-COVID-19,mobility.csv,1572,1646,20200301,20200515
29,samples_yyyymmdd,The number of samples observed in the specified region.,https://github.com/descarteslabs/DL-COVID-19,mobility.csv,1647,1721,20200301,20200515
0,Unnamed: 0,,,,0,0,,
1,stfips,,,,1,1,,
2,stname,,,,2,2,,
3,ctyfips,,,,3,3,,
4,ctyname,,,,4,4,,
5,fips,,,,5,5,,
6,ST_ID,,,,6,6,,
7,FatalityRa,,,,7,7,,
8,Confirmedb,,,,8,8,,
9,DeathsbyPo,,,,9,9,,
10,PCTPOVALL_,,,,10,10,,
11,Unemployme,,,,11,11,,
12,Med_HH_Inc,,,,12,12,,
13,State_Fata,,,,13,13,,
14,DateChecke,,,,14,14,,
15,EM_type,,,,15,15,,
16,EM_date,,,,16,16,,
17,EM_notes,,,,17,17,,
18,url,,,,18,18,,
19,Thumbnail,,,,19,19,,
20,Confirmed,,,,20,20,,
21,Deaths,,,,21,21,,
22,Age_85,,,,22,22,,
23,Age_80_84,,,,23,23,,
24,Age_75_79,,,,24,24,,
25,Age_70_74,,,,25,25,,
26,Age_65_69,,,,26,26,,
27,Beds_Licen,,,,27,27,,
28,Beds_Staff,,,,28,28,,
29,Beds_ICU,,,,29,29,,
30,Ventilator,,,,30,30,,
31,POP_ESTIMA,,,,31,31,,
32,POVALL_201,,,,32,32,,
33,Unemployed,,,,33,33,,
34,Median_Hou,,,,34,34,,
35,Recovered,,,,35,35,,
36,Active,,,,36,36,,
37,State_Conf,,,,37,37,,
38,State_Deat,,,,38,38,,
39,State_Reco,,,,39,39,,
40,State_Test,,,,40,40,,
41,AgedPop,,,,41,41,,
42,NewCases,,,,42,42,,
43,NewDeaths,,,,43,43,,
44,TotalPop,,,,44,44,,
45,NonHispWhP,,,,45,45,,
46,BlackPop,,,,46,46,,
47,AmIndop,,,,47,47,,
48,AsianPop,,,,48,48,,
49,PacIslPop,,,,49,49,,
50,OtherPop,,,,50,50,,
51,TwoMorPop,,,,51,51,,
52,HispPop,,,,52,52,,
53,Wh_Alone,,,,53,53,,
54,Bk_Alone,,,,54,54,,
55,AI_Alone,,,,55,55,,
56,As_Alone,,,,56,56,,
57,NH_Alone,,,,57,57,,
58,SO_Alone,,,,58,58,,
59,Two_More,,,,59,59,,
60,Not_Hisp,,,,60,60,,
61,Age_Less15,,,,61,61,,
62,Age_15_24,,,,62,62,,
63,Age_25_34,,,,63,63,,
64,Age_Over75,,,,64,64,,
65,Agetotal,,,,65,65,,
66,NonHisp,,,,66,66,,
67,Age_35_64,,,,67,67,,
68,Age_65_74,,,,68,68,,
69,Shape__Area,,,,69,69,,
70,Shape__Length,,,,70,70,,
71,dataQualityGrade_yyyymmdd,,,,71,187,20200122,20200517
72,dateChecked_yyyymmdd,,,,188,304,20200122,20200517
73,death_yyyymmdd,,,,305,421,20200122,20200517
74,deathIncrease_yyyymmdd,,,,422,538,20200122,20200517
75,hash_yyyymmdd,,,,539,655,20200122,20200517
76,hospitalized_yyyymmdd,,,,656,772,20200122,20200517
77,hospitalizedCumulative_yyyymmdd,,,,773,889,20200122,20200517
78,hospitalizedCurrently_yyyymmdd,,,,890,1006,20200122,20200517
79,hospitalizedIncrease_yyyymmdd,,,,1007,1123,20200122,20200517
80,inIcuCumulative_yyyymmdd,,,,1124,1240,20200122,20200517
81,inIcuCurrently_yyyymmdd,,,,1241,1357,20200122,20200517
82,lastUpdateEt_yyyymmdd,,,,1358,1474,20200122,20200517
83,negative_yyyymmdd,,,,1475,1591,20200122,20200517
84,negativeIncrease_yyyymmdd,,,,1592,1708,20200122,20200517
85,onVentilatorCumulative_yyyymmdd,,,,1709,1825,20200122,20200517
86,onVentilatorCurrently_yyyymmdd,,,,1826,1942,20200122,20200517
87,pending_yyyymmdd,,,,1943,2059,20200122,20200517
88,posNeg_yyyymmdd,,,,2060,2176,20200122,20200517
89,positive_yyyymmdd,,,,2177,2293,20200122,20200517
90,positiveIncrease_yyyymmdd,,,,2294,2410,20200122,20200517
91,recovered_yyyymmdd,,,,2411,2527,20200122,20200517
92,total_yyyymmdd,,,,2528,2644,20200122,20200517
93,totalTestResults_yyyymmdd,,,,2645,2761,20200122,20200517
94,totalTestResultsIncrease_yyyymmdd,,,,2762,2878,20200122,20200517
0,Unnamed: 0,Row number,,policy.csv,0,0,,
1,stfips,State name,https://www.census.gov/geographies/reference-files/2018/demo/popest/2018-fips.html ,policy.csv,1,1,,
2,stname,State FIPS code,https://www.census.gov/geographies/reference-files/2018/demo/popest/2018-fips.html ,policy.csv,2,2,,
3,ctyfips,County name,https://www.census.gov/geographies/reference-files/2018/demo/popest/2018-fips.html ,policy.csv,3,3,,
4,ctyname,County FIPS code,https://www.census.gov/geographies/reference-files/2018/demo/popest/2018-fips.html ,policy.csv,4,4,,
5,fips,FIPS code of state-county,https://www.census.gov/geographies/reference-files/2018/demo/popest/2018-fips.html ,policy.csv,5,5,,
6,Restriction details include,Details about restrictions,https://github.com/govex/COVID-19/tree/master/data_tables,policy.csv,6,6,,
7,Statewide mandated stay at home order?,Has the state mandated stay at home order,https://github.com/govex/COVID-19/tree/master/data_tables,policy.csv,7,7,,
8,Urgency of restrictions,How urgent are the restrictions,https://github.com/govex/COVID-19/tree/master/data_tables,policy.csv,8,8,,
9,Effective date of executive restriction detailed,Date of emergency policy into effect,https://github.com/govex/COVID-19/tree/master/data_tables,policy.csv,9,9,,
10,State of emergency,Date emergency was declared,https://www.bu.edu/sph/2020/04/01/tracking-covid-19-policies/,policy.csv,10,10,,
11,Date closed K-12 schools,Date when schools were closed,https://www.bu.edu/sph/2020/04/01/tracking-covid-19-policies/,policy.csv,11,11,,
12,Closed day cares,Date when daycare were closed,https://www.bu.edu/sph/2020/04/01/tracking-covid-19-policies/,policy.csv,12,12,,
13,Date banned visitors to nursing homes,Date when nursing home visitors were banned,https://www.bu.edu/sph/2020/04/01/tracking-covid-19-policies/,policy.csv,13,13,,
14,Stay at home/ shelter in place,Date when stay at home was declared,https://www.bu.edu/sph/2020/04/01/tracking-covid-19-policies/,policy.csv,14,14,,
15,End/relax stay at home/shelter in place,,https://www.bu.edu/sph/2020/04/01/tracking-covid-19-policies/,policy.csv,15,15,,
16,Closed non-essential businesses,Date when non essential businesses were closed,https://www.bu.edu/sph/2020/04/01/tracking-covid-19-policies/,policy.csv,16,16,,
17,Reopen businesses,When businesses are open,https://www.bu.edu/sph/2020/04/01/tracking-covid-19-policies/,policy.csv,17,17,,
18,Religious Gatherings Exempt Without Clear Social Distance Mandate*,Is religious gatherings open / closed,https://www.bu.edu/sph/2020/04/01/tracking-covid-19-policies/,policy.csv,18,18,,
19,Mandate face mask use by all individuals in public spaces,Is face mask mandated,https://www.bu.edu/sph/2020/04/01/tracking-covid-19-policies/,policy.csv,19,19,,
20,Mandate face mask use by employees in public-facing businesses,Is face mask mandated,https://www.bu.edu/sph/2020/04/01/tracking-covid-19-policies/,policy.csv,20,20,,
21,Alcohol/Liquor Stores Open,Are the alcohol and liquor stores open,https://www.bu.edu/sph/2020/04/01/tracking-covid-19-policies/,policy.csv,21,21,,
22,Keep Firearms Sellers Open,Are the firearm sellers open,https://www.bu.edu/sph/2020/04/01/tracking-covid-19-policies/,policy.csv,22,22,,
23,Closed restaurants except take out,Are restaurants closed,https://www.bu.edu/sph/2020/04/01/tracking-covid-19-policies/,policy.csv,23,23,,
24,Reopen restaurants,When restaurants reopen,https://www.bu.edu/sph/2020/04/01/tracking-covid-19-policies/,policy.csv,24,24,,
25,Closed gyms,Are gyms closed,https://www.bu.edu/sph/2020/04/01/tracking-covid-19-policies/,policy.csv,25,25,,
26,Repened gyms,When gyms are reopened,https://www.bu.edu/sph/2020/04/01/tracking-covid-19-policies/,policy.csv,26,26,,
27,Closed movie theaters,Are movie theatres closed,https://www.bu.edu/sph/2020/04/01/tracking-covid-19-policies/,policy.csv,27,27,,
28,Reopened movie theaters,When movie theatres are reopened,https://www.bu.edu/sph/2020/04/01/tracking-covid-19-policies/,policy.csv,28,28,,
29,Stop Initiation of Evictions overall or due to COVID related issues,Stop Initiation of Evictions overall or due to COVID related issues,https://www.bu.edu/sph/2020/04/01/tracking-covid-19-policies/,policy.csv,29,29,,
30,Stop enforcement of evictions overall or due to COVID related issues,Stop enforcement of evictions overall or due to COVID related issues,https://www.bu.edu/sph/2020/04/01/tracking-covid-19-policies/,policy.csv,30,30,,
31,Renter grace period or use of security deposit to pay rent,Renter grace period or use of security deposit to pay rent,https://www.bu.edu/sph/2020/04/01/tracking-covid-19-policies/,policy.csv,31,31,,
32,Order freezing utility shut offs,Order freezing utility shut offs,https://www.bu.edu/sph/2020/04/01/tracking-covid-19-policies/,policy.csv,32,32,,
33,Froze mortgage payments,Froze mortgage payments,https://www.bu.edu/sph/2020/04/01/tracking-covid-19-policies/,policy.csv,33,33,,
34,Modify Medicaid requirements with 1135 waivers (date of CMS approval),Modify Medicaid requirements with 1135 waivers (date of CMS approval),https://www.bu.edu/sph/2020/04/01/tracking-covid-19-policies/,policy.csv,34,34,,
35,Reopened ACA enrollment using a special enrollment period,Reopened ACA enrollment using a special enrollment period,https://www.bu.edu/sph/2020/04/01/tracking-covid-19-policies/,policy.csv,35,35,,
36,Allow audio-only telehealth,Allow audio-only telehealth,https://www.bu.edu/sph/2020/04/01/tracking-covid-19-policies/,policy.csv,36,36,,
37,Expand Medicaid telehealth coverage,Expand Medicaid telehealth coverage,https://www.bu.edu/sph/2020/04/01/tracking-covid-19-policies/,policy.csv,37,37,,
38,Suspended elective medical/dental procedures,Suspended elective medical/dental procedures,https://www.bu.edu/sph/2020/04/01/tracking-covid-19-policies/,policy.csv,38,38,,
39,Resumed elective medical procedures,Resumed elective medical procedures,https://www.bu.edu/sph/2020/04/01/tracking-covid-19-policies/,policy.csv,39,39,,
40,Waived one week waiting period for unemployment insurance,Waived one week waiting period for unemployment insurance,https://www.bu.edu/sph/2020/04/01/tracking-covid-19-policies/,policy.csv,40,40,,
41,Waive work search requirement for unemployment insurance,Waive work search requirement for unemployment insurance,https://www.bu.edu/sph/2020/04/01/tracking-covid-19-policies/,policy.csv,41,41,,
42,Expand eligibility of unemployment insurance to anyonewho is quarantined and/or taking care of someone who is quarantined,Expand eligibility of unemployment insurance to anyonewho is quarantined and/or taking care of someone who is quarantined,https://www.bu.edu/sph/2020/04/01/tracking-covid-19-policies/,policy.csv,42,42,,
43,Expand eligibility of unemployment insurance to those who have lost childcare/school closures,Expand eligibility of unemployment insurance to those who have lost childcare/school closures,https://www.bu.edu/sph/2020/04/01/tracking-covid-19-policies/,policy.csv,43,43,,
44,Extend the amount of time an individual can be on unemployment insurance,Extend the amount of time an individual can be on unemployment insurance,https://www.bu.edu/sph/2020/04/01/tracking-covid-19-policies/,policy.csv,44,44,,
45,Paid sick leave,Is Paid sick leave present,https://www.bu.edu/sph/2020/04/01/tracking-covid-19-policies/,policy.csv,45,45,,
