,variable name,label,source,file,start column,end column,start date,end date
1,Unnamed: 0,Row number,,casesAndDeaths.csv,0,0,,
2,stfips,State name,https://www.census.gov/geographies/reference-files/2018/demo/popest/2018-fips.html ,casesAndDeaths.csv,1,1,,
3,stname,State FIPS code,https://www.census.gov/geographies/reference-files/2018/demo/popest/2018-fips.html ,casesAndDeaths.csv,2,2,,
4,ctyfips,County name,https://www.census.gov/geographies/reference-files/2018/demo/popest/2018-fips.html ,casesAndDeaths.csv,3,3,,
5,ctyname,County FIPS code,https://www.census.gov/geographies/reference-files/2018/demo/popest/2018-fips.html ,casesAndDeaths.csv,4,4,,
6,fips,FIPS code of state-county,https://www.census.gov/geographies/reference-files/2018/demo/popest/2018-fips.html ,casesAndDeaths.csv,5,5,,
7,confirmed_cases_yyyymmdd,No of confirmed cases on yyyymmdd,https://github.com/CSSEGISandData/COVID-19,casesAndDeaths.csv,6,166,20200122,20200630
8,deaths_yyyymmdd,No of deaths on yyyymmdd,https://github.com/CSSEGISandData/COVID-19,casesAndDeaths.csv,167,327,20200122,20200630
1,Unnamed: 0,Row number,,mobility.csv,0,0,,
2,stfips,State name,https://www.census.gov/geographies/reference-files/2018/demo/popest/2018-fips.html ,mobility.csv,1,1,,
3,stname,State FIPS code,https://www.census.gov/geographies/reference-files/2018/demo/popest/2018-fips.html ,mobility.csv,2,2,,
4,ctyfips,County name,https://www.census.gov/geographies/reference-files/2018/demo/popest/2018-fips.html ,mobility.csv,3,3,,
5,ctyname,County FIPS code,https://www.census.gov/geographies/reference-files/2018/demo/popest/2018-fips.html ,mobility.csv,4,4,,
6,fips,FIPS code of state-county,https://www.census.gov/geographies/reference-files/2018/demo/popest/2018-fips.html ,mobility.csv,5,5,,
7,grocery_yyyymmdd,% increase in grocery stores area,https://www.google.com/covid19/mobility/ ,mobility.csv,6,139,20200215,20200627
8,parks_yyyymmdd,% increase in parks stores area,https://www.google.com/covid19/mobility/ ,mobility.csv,140,273,20200215,20200627
9,residential_yyyymmdd,% increase in residential stores area,https://www.google.com/covid19/mobility/ ,mobility.csv,274,407,20200215,20200627
10,retail_yyyymmdd,% increase in retail stores area,https://www.google.com/covid19/mobility/ ,mobility.csv,408,541,20200215,20200627
11,transit_yyyymmdd,% increase in transit stores area,https://www.google.com/covid19/mobility/ ,mobility.csv,542,675,20200215,20200627
12,workplace_yyyymmdd,% increase in workplace stores area,https://www.google.com/covid19/mobility/ ,mobility.csv,676,809,20200215,20200627
13,covid_yyyymmdd,Identifiers whether event date is PRE or POST COVID-19 outbreak in the US <March 8th is the last date of the PRE COVID-19 period>,https://www.unacast.com/covid19/social-distancing-scoreboard,mobility.csv,811,900,20200224,20200523
14,daily_distance_diff_yyyymmdd,Change of average distance traveled from baseline (avg. distance traveled for same day of week during non-COVID-19 time period for a specific county),https://www.unacast.com/covid19/social-distancing-scoreboard,mobility.csv,901,990,20200224,20200523
15,daily_visitation_diff_yyyymmdd,Change of visits to non-essential retail and services from baseline (avg. visits for same day of week during non-COVID-19 time period for a specific county),https://www.unacast.com/covid19/social-distancing-scoreboard,mobility.csv,991,1080,20200224,20200523
16,encounters_rate_yyyymmdd,Rate of unique human encounters per KmÃƒâ€šÃ‚Â² relative to national pre-Covid-19 baseline (median of the metric on a country level in 4 weeks before March 8th).,https://www.unacast.com/covid19/social-distancing-scoreboard,mobility.csv,1081,1170,20200224,20200523
17,grade_distance_yyyymmdd,"A, B, C, D or F score describing county's reduction in average distance traveled",https://www.unacast.com/covid19/social-distancing-scoreboard,mobility.csv,1171,1260,20200224,20200523
18,grade_encounters_yyyymmdd,"A, B, C, D, or F score describing rate of encounters as a fraction of national pre-Covid-19 baseline.",https://www.unacast.com/covid19/social-distancing-scoreboard,mobility.csv,1261,1350,20200224,20200523
19,grade_total_yyyymmdd,"A, A-, B, B-, C, C-, D, D- or F score describing county's social distancing",https://www.unacast.com/covid19/social-distancing-scoreboard,mobility.csv,1351,1440,20200224,20200523
20,grade_visitation_yyyymmdd,"A, B, C, D or F score describing county's reduction in non-essential visitation",https://www.unacast.com/covid19/social-distancing-scoreboard,mobility.csv,1441,1530,20200224,20200523
21,last_updated_yyyymmdd,Timestamp of when this data was processed and updated ,https://www.unacast.com/covid19/social-distancing-scoreboard,mobility.csv,1531,1620,20200224,20200523
22,n_grade_distance_yyyymmdd,Corresponding number for letter grade where A = 5 and F = 1,https://www.unacast.com/covid19/social-distancing-scoreboard,mobility.csv,1621,1710,20200224,20200523
23,n_grade_encounters_yyyymmdd,Corresponding number for letter grade where A=5 and F=1,https://www.unacast.com/covid19/social-distancing-scoreboard,mobility.csv,1711,1800,20200224,20200523
24,n_grade_total_yyyymmdd,Corresponding number for letter grade where A = 5 and F = 1,https://www.unacast.com/covid19/social-distancing-scoreboard,mobility.csv,1801,1890,20200224,20200523
25,n_grade_visitation_yyyymmdd,Corresponding number for letter grade where A = 5 and F = 1,https://www.unacast.com/covid19/social-distancing-scoreboard,mobility.csv,1891,1980,20200224,20200523
26,weekday_yyyymmdd,Weekday,https://www.unacast.com/covid19/social-distancing-scoreboard,mobility.csv,1981,2070,20200224,20200523
27,m50_yyyymmdd,The median of the max-distance mobility for all samples in the specified region.,https://github.com/descarteslabs/DL-COVID-19,mobility.csv,2071,2189,20200301,20200629
28,m50_index_yyyymmdd,"The percent of normal m50 in the region, with normal m50 defined during 2020-02-17 to 2020-03-07.",https://github.com/descarteslabs/DL-COVID-19,mobility.csv,2190,2308,20200301,20200629
29,samples_yyyymmdd,The number of samples observed in the specified region.,https://github.com/descarteslabs/DL-COVID-19,mobility.csv,2309,2427,20200301,20200629
1,Unnamed: 0,Row number,,medical.csv,0,0,,
2,stfips,State name,https://www.census.gov/geographies/reference-files/2018/demo/popest/2018-fips.html ,medical.csv,1,1,,
3,stname,State FIPS code,https://www.census.gov/geographies/reference-files/2018/demo/popest/2018-fips.html ,medical.csv,2,2,,
4,ctyfips,County name,https://www.census.gov/geographies/reference-files/2018/demo/popest/2018-fips.html ,medical.csv,3,3,,
5,ctyname,County FIPS code,https://www.census.gov/geographies/reference-files/2018/demo/popest/2018-fips.html ,medical.csv,4,4,,
6,fips,FIPS code of state-county,https://www.census.gov/geographies/reference-files/2018/demo/popest/2018-fips.html ,medical.csv,5,5,,
7,ST_ID,State ID,https://coronavirus.jhu.edu/us-map,medical.csv,6,6,,
8,FatalityRa,Fatality rate,https://coronavirus.jhu.edu/us-map,medical.csv,7,7,,
9,Confirmedb,Confirmed cases,https://coronavirus.jhu.edu/us-map,medical.csv,8,8,,
10,DeathsbyPo,Deaths by population,https://coronavirus.jhu.edu/us-map,medical.csv,9,9,,
11,PCTPOVALL_,PCTPOVAL,https://coronavirus.jhu.edu/us-map,medical.csv,10,10,,
12,Unemployme,Unemployment rate,https://coronavirus.jhu.edu/us-map,medical.csv,11,11,,
13,Med_HH_Inc,Median Household income,https://coronavirus.jhu.edu/us-map,medical.csv,12,12,,
14,State_Fata,State fatality rate,https://coronavirus.jhu.edu/us-map,medical.csv,13,13,,
15,DateChecke,Date checked,https://coronavirus.jhu.edu/us-map,medical.csv,14,14,,
16,EM_type,Type of emergency policy under effect,https://coronavirus.jhu.edu/us-map,medical.csv,15,15,,
17,EM_date,Date of emergency policy into effect,https://coronavirus.jhu.edu/us-map,medical.csv,16,16,,
18,EM_notes,Further notes about emergency policy,https://coronavirus.jhu.edu/us-map,medical.csv,17,17,,
19,url,URL for the dashboard (visual charts and graphs),https://coronavirus.jhu.edu/us-map,medical.csv,18,18,,
20,Thumbnail,Image thumbnail for the data,https://coronavirus.jhu.edu/us-map,medical.csv,19,19,,
21,Confirmed,Coonfirmed cases,https://coronavirus.jhu.edu/us-map,medical.csv,20,20,,
22,Deaths,Confirmed deaths,https://coronavirus.jhu.edu/us-map,medical.csv,21,21,,
23,Age_85,People with age 85+,https://coronavirus.jhu.edu/us-map,medical.csv,22,22,,
24,Age_80_84,People between 80 to 84 years,https://coronavirus.jhu.edu/us-map,medical.csv,23,23,,
25,Age_75_79,People between 75 to 79 years,https://coronavirus.jhu.edu/us-map,medical.csv,24,24,,
26,Age_70_74,People between 70 to 74 years,https://coronavirus.jhu.edu/us-map,medical.csv,25,25,,
27,Age_65_69,People between 65 to 69 years,https://coronavirus.jhu.edu/us-map,medical.csv,26,26,,
28,Beds_Licen,maximum number of beds for which a hospital holds a license to operate; ,https://coronavirus.jhu.edu/us-map,medical.csv,27,27,,
29,Beds_Staff,"""adult bed, pediatric bed, birthing room, or newborn ICU bed (excluding newborn bassinets) maintained in a patient care area for lodging patients in acute, long term, or domiciliary areas of the hospital.""",https://coronavirus.jhu.edu/us-map,medical.csv,28,28,,
30,Beds_ICU,"""adult bed, pediatric bed, birthing room, or newborn ICU bed (excluding newborn bassinets) maintained in a patient care area for lodging patients in acute, long term, or domiciliary areas of the hospital.""",https://coronavirus.jhu.edu/us-map,medical.csv,29,29,,
31,Ventilator,People on ventilator,https://coronavirus.jhu.edu/us-map,medical.csv,30,30,,
32,POP_ESTIMA,Estimated population,https://coronavirus.jhu.edu/us-map,medical.csv,31,31,,
33,POVALL_201,Population,https://coronavirus.jhu.edu/us-map,medical.csv,32,32,,
34,Unemployed,No. of unemployed people,https://coronavirus.jhu.edu/us-map,medical.csv,33,33,,
35,Median_Hou,Median Household income,https://coronavirus.jhu.edu/us-map,medical.csv,34,34,,
36,Recovered,Recovered cases,https://coronavirus.jhu.edu/us-map,medical.csv,35,35,,
37,Active,Active cases ,https://coronavirus.jhu.edu/us-map,medical.csv,36,36,,
38,State_Conf,Confirmed cases in state,https://coronavirus.jhu.edu/us-map,medical.csv,37,37,,
39,State_Deat,Confirmed deaths in state,https://coronavirus.jhu.edu/us-map,medical.csv,38,38,,
40,State_Reco,Recoveries in county,https://coronavirus.jhu.edu/us-map,medical.csv,39,39,,
41,State_Test,No. of tests administered in state,https://coronavirus.jhu.edu/us-map,medical.csv,40,40,,
42,AgedPop,No of people who are more than 65 years of age,https://coronavirus.jhu.edu/us-map,medical.csv,41,41,,
43,NewCases,New cases,https://coronavirus.jhu.edu/us-map,medical.csv,42,42,,
44,NewDeaths,New deaths,https://coronavirus.jhu.edu/us-map,medical.csv,43,43,,
45,TotalPop,Total county population,https://coronavirus.jhu.edu/us-map,medical.csv,44,44,,
46,NonHispWhP,Non hispanic white population,https://coronavirus.jhu.edu/us-map,medical.csv,45,45,,
47,BlackPop,Black population,https://coronavirus.jhu.edu/us-map,medical.csv,46,46,,
48,AmIndop,American Indian population,https://coronavirus.jhu.edu/us-map,medical.csv,47,47,,
49,AsianPop,Asian population,https://coronavirus.jhu.edu/us-map,medical.csv,48,48,,
50,PacIslPop,Pacific Island population,https://coronavirus.jhu.edu/us-map,medical.csv,49,49,,
51,OtherPop,Other population,https://coronavirus.jhu.edu/us-map,medical.csv,50,50,,
52,TwoMorPop,Two or more population,https://coronavirus.jhu.edu/us-map,medical.csv,51,51,,
53,HispPop,Hispanic pooulation,https://coronavirus.jhu.edu/us-map,medical.csv,52,52,,
54,Wh_Alone,White alone population,https://coronavirus.jhu.edu/us-map,medical.csv,53,53,,
55,Bk_Alone,Black alone population,https://coronavirus.jhu.edu/us-map,medical.csv,54,54,,
56,AI_Alone,American Indian alone population,https://coronavirus.jhu.edu/us-map,medical.csv,55,55,,
57,As_Alone,Asian alone population,https://coronavirus.jhu.edu/us-map,medical.csv,56,56,,
58,NH_Alone,NH alone population,https://coronavirus.jhu.edu/us-map,medical.csv,57,57,,
59,SO_Alone,SO alone population,https://coronavirus.jhu.edu/us-map,medical.csv,58,58,,
60,Two_More,Two or more population,https://coronavirus.jhu.edu/us-map,medical.csv,59,59,,
61,Not_Hisp,Not hispanic,https://coronavirus.jhu.edu/us-map,medical.csv,60,60,,
62,Age_Less15,Age <15 year,https://coronavirus.jhu.edu/us-map,medical.csv,61,61,,
63,Age_15_24,Age 15-24 years,https://coronavirus.jhu.edu/us-map,medical.csv,62,62,,
64,Age_25_34,Age 25-34 years,https://coronavirus.jhu.edu/us-map,medical.csv,63,63,,
65,Age_Over75,Age >75 years,https://coronavirus.jhu.edu/us-map,medical.csv,64,64,,
66,Agetotal,Total age,https://coronavirus.jhu.edu/us-map,medical.csv,65,65,,
67,NonHisp,Non hispanic,https://coronavirus.jhu.edu/us-map,medical.csv,66,66,,
68,Age_35_64,Age 35-64 years,https://coronavirus.jhu.edu/us-map,medical.csv,67,67,,
69,Age_65_74,Age 65-74 years,https://coronavirus.jhu.edu/us-map,medical.csv,68,68,,
70,Shape__Area,Shape area,https://coronavirus.jhu.edu/us-map,medical.csv,69,69,,
71,Shape__Length,Shape length,https://coronavirus.jhu.edu/us-map,medical.csv,70,70,,
72,checkTimeEt_yyyymmdd,Last checked as per ET,https://covidtracking.com/api,medical.csv,71,232,20200122,20200701
73,dataQualityGrade_yyyymmdd,Quality of data grade,https://covidtracking.com/api,medical.csv,233,394,20200122,20200701
74,dateChecked_yyyymmdd,ISO 8601 date of the time we last visited their website.,https://covidtracking.com/api,medical.csv,395,556,20200122,20200701
75,dateModified_yyyymmdd,Date modified,https://covidtracking.com/api,medical.csv,557,718,20200122,20200701
76,death_yyyymmdd,Total cumulative number of people that have died.,https://covidtracking.com/api,medical.csv,719,880,20200122,20200701
77,hospitalized_yyyymmdd,Total cumulative number of people hospitalized.,https://covidtracking.com/api,medical.csv,881,1042,20200122,20200701
78,hospitalizedCumulative_yyyymmdd,"Total number of individuals that have been hospitalized, including those that have been discharged.",https://covidtracking.com/api,medical.csv,1043,1204,20200122,20200701
79,hospitalizedCurrently_yyyymmdd,Number of individuals currently hospitalized.,https://covidtracking.com/api,medical.csv,1205,1366,20200122,20200701
80,inIcuCumulative_yyyymmdd,Total number of individuals that have been in the ICU.,https://covidtracking.com/api,medical.csv,1367,1528,20200122,20200701
81,inIcuCurrently_yyyymmdd,Number of individuals currently in an ICU.,https://covidtracking.com/api,medical.csv,1529,1690,20200122,20200701
82,lastUpdateEt_yyyymmdd,Time of last update (Eastern time),https://covidtracking.com/api,medical.csv,1691,1852,20200122,20200701
83,negative_yyyymmdd,Total cumulative negative test results,https://covidtracking.com/api,medical.csv,1853,2014,20200122,20200701
84,negativeIncrease_yyyymmdd,Increase in negative tests on that day,https://covidtracking.com/api,medical.csv,2015,2176,20200122,20200701
85,negativeTestsViral_yyyymmdd,Viral tests negative,https://covidtracking.com/api,medical.csv,2177,2338,20200122,20200701
86,onVentilatorCumulative_yyyymmdd,Total people who have been on ventilators,https://covidtracking.com/api,medical.csv,2339,2500,20200122,20200701
87,onVentilatorCurrently_yyyymmdd,Number of people who are currently on ventilators,https://covidtracking.com/api,medical.csv,2501,2662,20200122,20200701
88,pending_yyyymmdd,Tests that have been submitted to a lab but no results have been reported yet.,https://covidtracking.com/api,medical.csv,2663,2824,20200122,20200701
89,positive_yyyymmdd,Total cumulative positive test results.,https://covidtracking.com/api,medical.csv,2825,2986,20200122,20200701
90,positiveCasesViral_yyyymmdd,Positive viral cases,https://covidtracking.com/api,medical.csv,2987,3148,20200122,20200701
91,positiveIncrease_yyyymmdd,Increase in positive cases on that day,https://covidtracking.com/api,medical.csv,3149,3310,20200122,20200701
92,positiveTestsViral_yyyymmdd,Positive tests viral,https://covidtracking.com/api,medical.csv,3311,3472,20200122,20200701
93,recovered_yyyymmdd,People who have recovered,https://covidtracking.com/api,medical.csv,3473,3634,20200122,20200701
94,total_yyyymmdd,DEPRECATED Will be removed in the future. (positive + negative + pending). Pending has been an unstable value and should not count in any totals.,https://covidtracking.com/api,medical.csv,3635,3796,20200122,20200701
95,totalTestsViral_yyyymmdd,Total increase in number of test results on that day,https://covidtracking.com/api,medical.csv,3797,3958,20200122,20200701
1,Unnamed: 0,Row number,,policy.csv,0,0,,
2,stfips,State name,https://www.census.gov/geographies/reference-files/2018/demo/popest/2018-fips.html ,policy.csv,1,1,,
3,stname,State FIPS code,https://www.census.gov/geographies/reference-files/2018/demo/popest/2018-fips.html ,policy.csv,2,2,,
4,ctyfips,County name,https://www.census.gov/geographies/reference-files/2018/demo/popest/2018-fips.html ,policy.csv,3,3,,
5,ctyname,County FIPS code,https://www.census.gov/geographies/reference-files/2018/demo/popest/2018-fips.html ,policy.csv,4,4,,
6,fips,FIPS code of state-county,https://www.census.gov/geographies/reference-files/2018/demo/popest/2018-fips.html ,policy.csv,5,5,,
7,Restriction details include,Details about restrictions,https://github.com/govex/COVID-19/tree/master/data_tables,policy.csv,6,6,,
8,Statewide mandated stay at home order?,Has the state mandated stay at home order,https://github.com/govex/COVID-19/tree/master/data_tables,policy.csv,7,7,,
9,Urgency of restrictions,How urgent are the restrictions,https://github.com/govex/COVID-19/tree/master/data_tables,policy.csv,8,8,,
10,Effective date of executive restriction detailed,Date of emergency policy into effect,https://github.com/govex/COVID-19/tree/master/data_tables,policy.csv,9,9,,
11,State of emergency,State of emergency,https://www.bu.edu/sph/2020/04/01/tracking-covid-19-policies/,policy.csv,10,10,,
12,Date closed K-12 schools,Date closed K-12 schools,https://www.bu.edu/sph/2020/04/01/tracking-covid-19-policies/,policy.csv,11,11,,
13,Closed day cares,Closed day cares,https://www.bu.edu/sph/2020/04/01/tracking-covid-19-policies/,policy.csv,12,12,,
14,Date banned visitors to nursing homes,Date banned visitors to nursing homes,https://www.bu.edu/sph/2020/04/01/tracking-covid-19-policies/,policy.csv,13,13,,
15,Stay at home/ shelter in place,Stay at home/ shelter in place,https://www.bu.edu/sph/2020/04/01/tracking-covid-19-policies/,policy.csv,14,14,,
16,End/relax stay at home/shelter in place,End/relax stay at home/shelter in place,https://www.bu.edu/sph/2020/04/01/tracking-covid-19-policies/,policy.csv,15,15,,
17,Closed non-essential businesses,Closed non-essential businesses,https://www.bu.edu/sph/2020/04/01/tracking-covid-19-policies/,policy.csv,16,16,,
18,Began to reopen businesses statewide,Began to reopen businesses statewide,https://www.bu.edu/sph/2020/04/01/tracking-covid-19-policies/,policy.csv,17,17,,
19,Religious Gatherings Exempt Without Clear Social Distance Mandate*,Religious Gatherings Exempt Without Clear Social Distance Mandate*,https://www.bu.edu/sph/2020/04/01/tracking-covid-19-policies/,policy.csv,18,18,,
20,Mandate face mask use by all individuals in public spaces,Mandate face mask use by all individuals in public spaces,https://www.bu.edu/sph/2020/04/01/tracking-covid-19-policies/,policy.csv,19,19,,
21,Mandate face mask use by employees in public-facing businesses,Mandate face mask use by employees in public-facing businesses,https://www.bu.edu/sph/2020/04/01/tracking-covid-19-policies/,policy.csv,20,20,,
22,Alcohol/Liquor Stores Open,Alcohol/Liquor Stores Open,https://www.bu.edu/sph/2020/04/01/tracking-covid-19-policies/,policy.csv,21,21,,
23,Keep Firearms Sellers Open,Keep Firearms Sellers Open,https://www.bu.edu/sph/2020/04/01/tracking-covid-19-policies/,policy.csv,22,22,,
24,Closed restaurants except take out,Closed restaurants except take out,https://www.bu.edu/sph/2020/04/01/tracking-covid-19-policies/,policy.csv,23,23,,
25,Reopen restaurants,Reopen restaurants,https://www.bu.edu/sph/2020/04/01/tracking-covid-19-policies/,policy.csv,24,24,,
26,Initially reopen restaurants for outdoor dining only,Initially reopen restaurants for outdoor dining only,https://www.bu.edu/sph/2020/04/01/tracking-covid-19-policies/,policy.csv,25,25,,
27,Closed gyms,Closed gyms,https://www.bu.edu/sph/2020/04/01/tracking-covid-19-policies/,policy.csv,26,26,,
28,Reopened gyms,Reopened gyms,https://www.bu.edu/sph/2020/04/01/tracking-covid-19-policies/,policy.csv,27,27,,
29,Closed movie theaters,Closed movie theaters,https://www.bu.edu/sph/2020/04/01/tracking-covid-19-policies/,policy.csv,28,28,,
30,Reopened movie theaters,Reopened movie theaters,https://www.bu.edu/sph/2020/04/01/tracking-covid-19-policies/,policy.csv,29,29,,
31,Stop Initiation of Evictions overall or due to COVID related issues,Stop Initiation of Evictions overall or due to COVID related issues,https://www.bu.edu/sph/2020/04/01/tracking-covid-19-policies/,policy.csv,30,30,,
32,Stop enforcement of evictions overall or due to COVID related issues,Stop enforcement of evictions overall or due to COVID related issues,https://www.bu.edu/sph/2020/04/01/tracking-covid-19-policies/,policy.csv,31,31,,
33,Renter grace period or use of security deposit to pay rent,Renter grace period or use of security deposit to pay rent,https://www.bu.edu/sph/2020/04/01/tracking-covid-19-policies/,policy.csv,32,32,,
34,Order freezing utility shut offs,Order freezing utility shut offs,https://www.bu.edu/sph/2020/04/01/tracking-covid-19-policies/,policy.csv,33,33,,
35,Froze mortgage payments,Froze mortgage payments,https://www.bu.edu/sph/2020/04/01/tracking-covid-19-policies/,policy.csv,34,34,,
36,Modify Medicaid requirements with 1135 waivers (date of CMS approval),Modify Medicaid requirements with 1135 waivers (date of CMS approval),https://www.bu.edu/sph/2020/04/01/tracking-covid-19-policies/,policy.csv,35,35,,
37,Reopened ACA enrollment using a special enrollment period,Reopened ACA enrollment using a special enrollment period,https://www.bu.edu/sph/2020/04/01/tracking-covid-19-policies/,policy.csv,36,36,,
38,Allow audio-only telehealth,Allow audio-only telehealth,https://www.bu.edu/sph/2020/04/01/tracking-covid-19-policies/,policy.csv,37,37,,
39,Allow/expand Medicaid telehealth coverage,Allow/expand Medicaid telehealth coverage,https://www.bu.edu/sph/2020/04/01/tracking-covid-19-policies/,policy.csv,38,38,,
40,Suspended elective medical/dental procedures,Suspended elective medical/dental procedures,https://www.bu.edu/sph/2020/04/01/tracking-covid-19-policies/,policy.csv,39,39,,
41,Resumed elective medical procedures,Resumed elective medical procedures,https://www.bu.edu/sph/2020/04/01/tracking-covid-19-policies/,policy.csv,40,40,,
42,"Prior to pandemic, no state unemployment waiting period; or date waiting period waived not found","Prior to pandemic, no state unemployment waiting period; or date waiting period waived not found",https://www.bu.edu/sph/2020/04/01/tracking-covid-19-policies/,policy.csv,41,41,,
43,Waived one week waiting period for unemployment insurance,Waived one week waiting period for unemployment insurance,https://www.bu.edu/sph/2020/04/01/tracking-covid-19-policies/,policy.csv,42,42,,
44,Waive work search requirement for unemployment insurance,Waive work search requirement for unemployment insurance,https://www.bu.edu/sph/2020/04/01/tracking-covid-19-policies/,policy.csv,43,43,,
45,Expand eligibility of unemployment insurance to anyonewho is quarantined and/or taking care of someone who is quarantined,Expand eligibility of unemployment insurance to anyonewho is quarantined and/or taking care of someone who is quarantined,https://www.bu.edu/sph/2020/04/01/tracking-covid-19-policies/,policy.csv,44,44,,
46,Expand eligibility of unemployment insurance to those who have lost childcare/school closures,Expand eligibility of unemployment insurance to those who have lost childcare/school closures,https://www.bu.edu/sph/2020/04/01/tracking-covid-19-policies/,policy.csv,45,45,,
47,Extend the amount of time an individual can be on unemployment insurance,Extend the amount of time an individual can be on unemployment insurance,https://www.bu.edu/sph/2020/04/01/tracking-covid-19-policies/,policy.csv,46,46,,
48,Made Effort to Limit Abortion Access,Made Effort to Limit Abortion Access,https://www.bu.edu/sph/2020/04/01/tracking-covid-19-policies/,policy.csv,47,47,,
49,Efforts to limit abortion access details,Efforts to limit abortion access details,https://www.bu.edu/sph/2020/04/01/tracking-covid-19-policies/,policy.csv,48,48,,
50,Use of telemedicine/telephone evaluations to initiate buprenorphine prescribing,Use of telemedicine/telephone evaluations to initiate buprenorphine prescribing,https://www.bu.edu/sph/2020/04/01/tracking-covid-19-policies/,policy.csv,49,49,,
51,Patients can receive 14-28 take-home doses of opioid medication,Patients can receive 14-28 take-home doses of opioid medication,https://www.bu.edu/sph/2020/04/01/tracking-covid-19-policies/,policy.csv,50,50,,
52,Home delivery of take-home medication by opioid treatment programs,Home delivery of take-home medication by opioid treatment programs,https://www.bu.edu/sph/2020/04/01/tracking-covid-19-policies/,policy.csv,51,51,,
53,Use of telemedicine for schedule II-V prescriptions,Use of telemedicine for schedule II-V prescriptions,https://www.bu.edu/sph/2020/04/01/tracking-covid-19-policies/,policy.csv,52,52,,
54,Exceptions to emergency oral prescriptions,Exceptions to emergency oral prescriptions,https://www.bu.edu/sph/2020/04/01/tracking-covid-19-policies/,policy.csv,53,53,,
55,Waive requirement to obtain separate DEA registration to dispense outside home state,Waive requirement to obtain separate DEA registration to dispense outside home state,https://www.bu.edu/sph/2020/04/01/tracking-covid-19-policies/,policy.csv,54,54,,
56,Paid sick leave,Paid sick leave,https://www.bu.edu/sph/2020/04/01/tracking-covid-19-policies/,policy.csv,55,55,,
57,Medicaid Expansion,Medicaid Expansion,https://www.bu.edu/sph/2020/04/01/tracking-covid-19-policies/,policy.csv,56,56,,
58,Population density per square miles,Population density per square miles,https://www.bu.edu/sph/2020/04/01/tracking-covid-19-policies/,policy.csv,57,57,,
59,Population 2018 ,Population 2018 ,https://www.bu.edu/sph/2020/04/01/tracking-covid-19-policies/,policy.csv,58,58,,
60,Square Miles,Square Miles,https://www.bu.edu/sph/2020/04/01/tracking-covid-19-policies/,policy.csv,59,59,,
61,Number Homeless (2019),Number Homeless (2019),https://www.bu.edu/sph/2020/04/01/tracking-covid-19-policies/,policy.csv,60,60,,
62,Percent Unemployed (2018),Percent Unemployed (2018),https://www.bu.edu/sph/2020/04/01/tracking-covid-19-policies/,policy.csv,61,61,,
63,Percent living under the federal poverty line (2018),Percent living under the federal poverty line (2018),https://www.bu.edu/sph/2020/04/01/tracking-covid-19-policies/,policy.csv,62,62,,
64,Percent at risk for serious illness due to COVID,Percent at risk for serious illness due to COVID,https://www.bu.edu/sph/2020/04/01/tracking-covid-19-policies/,policy.csv,63,63,,
65,All-cause deaths 2018,All-cause deaths 2018,https://www.bu.edu/sph/2020/04/01/tracking-covid-19-policies/,policy.csv,64,64,,
